"user","amount"
"0x000000000000000000000000000000000000dEaD","0.000001"
"0x000000000000000000000000000000000001DEAd","0.000002"
"0x000000000000000000000000000000000002DEAd","0.000003"